Time,Status,Student,Appointment_time,Room_number
8:45:48 am,Closed,,,
9:00:18 am,Available,,,
9:26:29 am,Available,TL-827,09:40,
9:31:58 am,Available,AM-394,09:40,
9:35:03 am,Available,RS-351,09:40,
9:40:49 am,Available,AM-394,,13
9:41:12 am,Available,AM-394,,13
9:42:47 am,Available,TL-827,,7
9:43:33 am,Available,RS-351,,9
9:43:56 am,Available,RS-351,,9
10:07:19 am,Available,NR-627,10:20,
10:20:03 am,Available,NR-627,,7
10:20:27 am,Available,NR-627,,7
10:20:48 am,Available,NR-627,,7
10:28:17 am,Available,MM-696,10:40,
10:41:13 am,Available,MM-696,,13
10:49:04 am,Available,AK-799,11:00,
11:03:50 am,Available,AK-799,,9
11:04:13 am,Available,AK-799,,9
11:14:00 am,Available,AY-280,11:20,
11:15:57 am,Available,KP-114,11:20,
11:22:17 am,Available,KP-114,,13
11:22:17 am,Available,AY-280,,9
11:22:38 am,Available,KP-114,,13
11:26:32 am,Available,HZ-449,11:40,
11:28:08 am,Available,LZ-618,11:40,
11:41:54 am,Available,HZ-449,,10
11:42:17 am,Available,HZ-449,,10
11:45:21 am,Available,LZ-618,,9
11:47:24 am,Available,RM-175,12:00,
11:48:11 am,Available,MS-235,12:00,
12:00:53 pm,Available,MS-235,,10
12:01:19 pm,Available,MS-235,,10
12:01:40 pm,Available,MS-235,,10
12:02:00 pm,Available,MS-235,,10
12:02:50 pm,Available,RM-175,,9
12:15:43 pm,Available,ZZ-903,12:20,
12:31:27 pm,Available,PL-929,12:40,
12:38:29 pm,Available,ZZ-903,,9
12:38:53 pm,Available,ZZ-903,,9
12:41:55 pm,Available,PL-929,,13
12:50:35 pm,Available,NT-800,13:00,
12:59:56 pm,Available,NT-800,,13
1:00:19 pm,Available,NT-800,,13
1:30:04 pm,Available,SI-845,13:40,
1:41:03 pm,Available,SI-845,,13
1:41:29 pm,Available,SI-845,,13
1:46:21 pm,Available,JZ-587,14:00,
2:01:45 pm,Available,JZ-587,,13
2:06:29 pm,Available,JJ-008,14:20,
2:07:12 pm,Available,JJ-008,,10
2:07:37 pm,Available,JJ-008,,10
2:13:46 pm,Available,AA-385,14:20,
2:22:54 pm,Available,AA-385,,9
2:23:17 pm,Available,AA-385,,9
2:25:13 pm,Available,TC-008,14:40,
2:36:10 pm,Available,VG-535,14:40,
2:38:27 pm,Available,VG-535,,10
2:38:51 pm,Available,VG-535,,10
2:41:34 pm,Available,TC-008,,13
2:41:56 pm,Available,TC-008,,13
2:47:23 pm,Available,YS-670,15:00,
2:48:29 pm,Available,TP-974,15:00,
2:53:27 pm,Available,YS-670,,10
2:53:51 pm,Available,YS-670,,10
2:54:12 pm,Available,YS-670,,10
2:54:35 pm,Available,YS-670,,10
2:54:59 pm,Available,YS-670,,10
2:55:19 pm,Available,YS-670,,10
2:55:43 pm,Available,YS-670,,10
2:56:07 pm,Available,YS-670,,10
2:56:30 pm,Available,YS-670,,10
2:56:51 pm,Available,YS-670,,10
2:56:51 pm,Available,NY-424,15:00,
2:57:15 pm,Available,YS-670,,10
2:57:38 pm,Available,YS-670,,10
2:58:04 pm,Available,YS-670,,10
2:58:26 pm,Available,YS-670,,10
2:58:49 pm,Available,YS-670,,10
2:59:16 pm,Available,YS-670,,10
2:59:42 pm,Available,YS-670,,10
3:00:06 pm,Available,YS-670,,10
3:00:31 pm,Available,YS-670,,10
3:00:53 pm,Available,YS-670,,10
3:01:17 pm,Available,YS-670,,10
3:03:40 pm,Full,NY-424,,13
3:04:03 pm,Full,NY-424,,13
3:04:26 pm,Full,,,
3:07:52 pm,Full,AG-824,15:20,
3:17:20 pm,Full,SP-770,15:20,
3:21:56 pm,Full,SP-770,,13
3:22:20 pm,Full,SP-770,,13
3:22:43 pm,Full,AG-824,,9
3:23:05 pm,Full,AG-824,,9
4:00:22 pm,Closed,,,
