Time,Status,Student,Appointment_time,Room_number
8:45:41 am,Closed,,,
8:59:47 am,Closed,NM-093,09:00,
9:01:23 am,Available,NM-093,,15
9:01:47 am,Available,NM-093,,15
9:02:12 am,Available,NM-093,,15
9:02:33 am,Available,NM-093,,15
9:02:55 am,Available,,,
9:14:55 am,Available,BI-563,09:20,
9:25:55 am,Available,JH-815,09:40,
9:30:14 am,Available,BI-563,,15
9:30:38 am,Available,BI-563,,15
9:31:02 am,Available,BI-563,,15
9:42:40 am,Available,JH-815,,15
9:43:01 am,Available,JH-815,,15
9:46:37 am,Available,JC-835,10:00,
10:04:06 am,Available,JC-835,,15
10:04:28 am,Available,JC-835,,15
10:04:54 am,Available,JC-835,,15
10:05:17 am,Available,JC-835,,15
10:05:38 am,Available,JC-835,,15
10:06:02 am,Available,JC-835,,15
10:06:02 am,Available,BA-162,10:20,
10:06:25 am,Available,JC-835,,15
10:06:47 am,Available,JC-835,,15
10:07:10 am,Available,JC-835,,15
10:07:34 am,Available,JC-835,,15
10:07:58 am,Available,JC-835,,15
10:08:21 am,Available,SI-845,10:20,
10:14:14 am,Available,SI-845,,18
10:14:40 am,Available,SI-845,,18
10:15:04 am,Available,SI-845,,18
10:16:56 am,Available,BA-162,,15
10:17:20 am,Available,BA-162,,15
10:17:44 am,Available,BA-162,,15
10:31:31 am,Available,AF-254,10:40,
10:41:29 am,Available,AF-254,,18
10:41:52 am,Available,AF-254,,18
10:53:08 am,Available,AR-824,11:00,
11:00:35 am,Available,AR-824,,18
11:00:58 am,Available,AR-824,,18
11:06:49 am,Available,ON-789,11:20,
11:13:52 am,Available,SS-556,11:20,
11:18:59 am,Available,SS-556,,15
11:19:24 am,Available,SS-556,,15
11:19:48 am,Available,SS-556,,15
11:20:15 am,Available,SS-556,,15
11:20:36 am,Available,SS-556,,15
11:26:48 am,Available,BG-622,11:40,
11:29:37 am,Available,ON-789,,18
11:29:37 am,Available,MN-775,11:40,
11:41:45 am,Available,BG-622,,15
11:42:09 am,Available,BG-622,,15
11:42:31 am,Available,BG-622,,15
11:42:53 am,Available,BG-622,,15
11:43:18 am,Available,MN-775,,18
11:43:42 am,Available,MN-775,,18
12:32:06 pm,Available,DT-003,12:40,
12:38:44 pm,Available,DT-003,,18
1:02:57 pm,Available,AA-368,13:00,
1:03:47 pm,Available,AA-368,,18
1:04:10 pm,Available,AA-368,,18
1:11:55 pm,Available,SM-712,13:20,
1:14:41 pm,Available,SM-712,,18
1:15:04 pm,Available,SM-712,,18
1:15:25 pm,Available,SM-712,,18
1:20:55 pm,Full,,,
1:25:33 pm,Full,MH-484,13:40,
1:25:33 pm,Full,MB-771,13:40,
1:33:45 pm,Full,MB-771,,18
1:34:09 pm,Full,MB-771,,18
1:44:33 pm,Full,MH-484,,15
1:46:36 pm,Full,SB-358,14:00,
2:01:37 pm,Full,SB-358,,15
2:02:01 pm,Full,SB-358,,15
2:05:36 pm,Full,ET-520,14:20,
2:06:00 pm,Full,NN-884,14:20,
2:21:10 pm,Full,NN-884,,15
2:21:33 pm,Full,NN-884,,15
2:21:59 pm,Full,ET-520,,18
2:21:59 pm,Full,NN-884,,15
2:22:22 pm,Full,ET-520,,18
2:22:22 pm,Full,NN-884,,15
2:27:27 pm,Full,MO-468,14:40,
2:28:15 pm,Full,MO-468,,18
2:28:39 pm,Full,MO-468,,18
2:29:01 pm,Full,MO-468,,18
4:00:14 pm,Closed,,,
