Time,Status,Student,Queue_spot,Room_number
8:45:32 am,Closed,,,
9:00:01 am,Available,,,
9:48:49 am,Available,AM-394,1,
9:49:11 am,Available,AM-394,1,
9:49:34 am,Available,AM-394,1,
9:49:58 am,Available,AM-394,1,
9:50:24 am,Available,AM-394,1,
9:50:49 am,Available,AM-394,,3
10:17:13 am,Available,HK-396,1,
10:17:36 am,Available,HK-396,,4
10:18:00 am,Available,HK-396,,4
10:18:24 am,Available,HK-396,,4
10:20:55 am,Available,JY-037,1,
10:21:17 am,Available,JY-037,1,
11:10:14 am,Available,CW-330,1,
11:10:37 am,Available,CW-330,1,
11:10:59 am,Available,CW-330,1,
11:11:22 am,Available,CW-330,,4
11:11:45 am,Available,CW-330,,4
11:12:07 am,Available,CW-330,,4
11:27:06 am,Available,YB-746,1,
11:27:29 am,Available,YB-746,1,
11:27:55 am,Available,YB-746,,3
11:28:16 am,Available,YB-746,,3
11:28:40 am,Available,YB-746,,3
11:29:04 am,Available,YB-746,,3
11:29:29 am,Available,YB-746,,3
12:00:14 pm,Available,JB-055,1,
12:00:37 pm,Available,JB-055,1,
12:01:02 pm,Available,JB-055,,2
12:19:45 pm,Available,MO-900,1,
12:20:07 pm,Available,MO-900,1,
12:20:31 pm,Available,MO-900,1,
12:20:55 pm,Available,MO-900,1,
12:21:18 pm,Available,MO-900,1,
12:21:42 pm,Available,MO-900,1,
12:22:08 pm,Available,MO-900,1,
12:22:31 pm,Available,MO-900,1,
12:22:57 pm,Available,MO-900,1,
12:23:20 pm,Available,MO-900,1,
12:23:42 pm,Available,MO-900,,3
12:43:40 pm,Available,KB-290,1,
12:44:05 pm,Available,KB-290,1,
12:44:26 pm,Available,KB-290,1,
12:44:51 pm,Available,KB-290,1,
12:45:14 pm,Available,KB-290,1,
12:45:37 pm,Available,KB-290,1,
12:45:59 pm,Available,KB-290,1,
12:46:24 pm,Available,KB-290,1,
12:46:47 pm,Available,KB-290,1,
12:47:08 pm,Available,KB-290,1,
12:47:32 pm,Available,KB-290,,3
12:53:28 pm,Available,TP-948,1,
12:53:54 pm,Available,TP-948,1,
12:54:15 pm,Available,TP-948,1,
12:54:37 pm,Available,TP-948,1,
12:55:00 pm,Available,TP-948,1,
12:55:25 pm,Available,TP-948,1,
12:55:49 pm,Available,TP-948,1,
12:56:13 pm,Available,TP-948,1,
12:56:36 pm,Available,TP-948,1,
12:56:57 pm,Available,TP-948,1,
12:57:19 pm,Available,TP-948,1,
12:57:45 pm,Available,TP-948,1,
12:58:10 pm,Available,TP-948,1,
12:58:34 pm,Available,TP-948,1,
12:58:57 pm,Available,TP-948,1,
12:59:19 pm,Available,TP-948,1,
12:59:42 pm,Available,TP-948,1,
1:00:03 pm,Available,TP-948,1,
1:00:26 pm,Available,TP-948,1,
1:00:52 pm,Available,TP-948,1,
1:01:18 pm,Available,TP-948,,4
1:01:42 pm,Available,TP-948,,4
1:06:45 pm,Available,PW-376,1,
1:07:09 pm,Available,PW-376,1,
1:07:32 pm,Available,PW-376,,5
1:07:56 pm,Available,PW-376,,5
1:25:25 pm,Available,RP-452,1,
1:25:48 pm,Available,RP-452,1,
1:26:13 pm,Available,RP-452,1,
1:26:37 pm,Available,RP-452,1,
1:27:00 pm,Available,RP-452,,2
1:51:19 pm,Available,NF-069,1,
1:51:41 pm,Available,NF-069,1,
1:52:05 pm,Available,NF-069,1,
1:52:30 pm,Available,NF-069,1,
1:52:56 pm,Available,NF-069,,3
2:09:40 pm,Available,KH-321,1,
2:10:05 pm,Available,KH-321,1,
2:10:26 pm,Available,KH-321,1,
2:10:50 pm,Available,KH-321,1,
2:11:10 pm,Available,KH-321,1,
2:11:34 pm,Available,KH-321,1,
2:11:56 pm,Available,KH-321,,2
2:26:07 pm,Available,AT-879,1,
2:26:30 pm,Available,AT-879,1,
2:26:53 pm,Available,AT-879,,5
2:27:18 pm,Available,AT-879,,5
2:30:49 pm,Available,XL-472,1,
2:31:10 pm,Available,XL-472,1,
2:31:33 pm,Available,XL-472,1,
2:31:55 pm,Available,XL-472,1,
2:32:19 pm,Available,XL-472,1,
2:32:42 pm,Available,XL-472,1,
2:33:06 pm,Available,XL-472,1,
2:33:31 pm,Available,XL-472,1,
2:33:31 pm,Available,TP-974,2,
2:33:56 pm,Available,XL-472,1,
2:33:56 pm,Available,TP-974,2,
2:34:20 pm,Available,XL-472,1,
2:34:20 pm,Available,TP-974,2,
2:34:45 pm,Available,XL-472,1,
2:34:45 pm,Available,TP-974,2,
2:35:05 pm,Available,XL-472,1,
2:35:05 pm,Available,TP-974,2,
2:35:31 pm,Available,XL-472,1,
2:35:31 pm,Available,TP-974,2,
2:35:55 pm,Available,XL-472,1,
2:35:55 pm,Available,TP-974,2,
2:36:16 pm,Available,XL-472,1,
2:36:16 pm,Available,TP-974,2,
2:36:40 pm,Available,XL-472,1,
2:36:40 pm,Available,TP-974,2,
2:37:02 pm,Available,XL-472,1,
2:37:02 pm,Available,TP-974,2,
2:37:24 pm,Available,XL-472,1,
2:37:24 pm,Available,TP-974,2,
2:37:47 pm,Available,XL-472,1,
2:37:47 pm,Available,TP-974,2,
2:38:10 pm,Available,XL-472,1,
2:38:10 pm,Available,TP-974,2,
2:38:34 pm,Available,XL-472,1,
2:38:34 pm,Available,TP-974,2,
2:38:58 pm,Available,XL-472,1,
2:38:58 pm,Available,TP-974,2,
2:39:22 pm,Available,XL-472,1,
2:39:22 pm,Available,TP-974,2,
2:39:45 pm,Available,XL-472,1,
2:39:45 pm,Available,TP-974,2,
2:40:06 pm,Available,XL-472,1,
2:40:06 pm,Available,TP-974,2,
2:40:31 pm,Available,XL-472,1,
2:40:31 pm,Available,TP-974,2,
2:40:55 pm,Available,XL-472,1,
2:40:55 pm,Available,TP-974,2,
2:41:18 pm,Available,XL-472,1,
2:41:18 pm,Available,TP-974,2,
2:41:42 pm,Available,XL-472,1,
2:41:42 pm,Available,TP-974,2,
2:42:04 pm,Available,XL-472,1,
2:42:04 pm,Available,TP-974,2,
2:42:27 pm,Available,XL-472,1,
2:42:27 pm,Available,TP-974,2,
2:42:51 pm,Available,XL-472,,5
2:42:51 pm,Available,TP-974,1,
2:43:15 pm,Available,XL-472,,5
2:43:15 pm,Available,TP-974,1,
2:43:38 pm,Available,TP-974,1,
2:44:03 pm,Available,TP-974,1,
2:44:27 pm,Available,TP-974,1,
2:44:49 pm,Available,TP-974,1,
2:45:11 pm,Available,TP-974,1,
2:45:34 pm,Available,TP-974,,1
2:45:58 pm,Available,TP-974,,1
2:46:23 pm,Available,TP-974,,1
3:08:21 pm,Available,AD-662,1,
3:08:46 pm,Available,AD-662,1,
3:09:08 pm,Available,AD-662,1,
3:09:32 pm,Available,AD-662,1,
3:09:54 pm,Available,AD-662,1,
3:10:19 pm,Available,AD-662,,3
3:30:12 pm,Available,MC-846,1,
3:30:37 pm,Available,MC-846,1,
3:31:01 pm,Available,MC-846,1,
3:31:23 pm,Available,MC-846,,3
3:31:44 pm,Available,MC-846,,3
3:42:12 pm,Available,CW-982,1,
3:42:35 pm,Available,CW-982,,4
3:42:59 pm,Available,CW-982,,4
4:00:06 pm,Closed,,,
